id,first_name,last_name,email,gender,ip_address
1,Roanna,Wibrew,rwibrew0@amazon.co.uk,Female,205.145.40.29
2,Jonis,Jekel,jjekel1@instagram.com,Female,154.54.167.53
3,Henry,Gantley,hgantley2@sciencedaily.com,Male,42.9.108.195
4,Hester,Jefferd,hjefferd3@ox.ac.uk,Female,99.43.147.2
5,Claudina,Tanslie,ctanslie4@miitbeian.gov.cn,Female,133.53.92.71
6,See,Salazar,ssalazar5@jigsy.com,Male,190.192.143.155
7,Beck,Gonneau,bgonneau6@house.gov,Male,21.40.164.177
8,Erhart,Kuhnwald,ekuhnwald7@domainmarket.com,Male,179.3.179.44
9,Hayden,Braidford,hbraidford8@utexas.edu,Male,194.216.180.100
10,Ellwood,Bolley,ebolley9@oracle.com,Male,101.188.84.142
11,Quintina,Niesel,qniesela@cdbaby.com,Female,182.68.172.22
12,Ransell,Epilet,repiletb@linkedin.com,Male,203.127.167.136
13,Bartel,Dunaway,bdunawayc@goodreads.com,Male,105.58.86.113
14,Jillian,Rosas,jrosasd@time.com,Female,20.101.240.131
15,Mary,Haken,mhakene@macromedia.com,Female,30.102.239.132
16,Andres,Coyte,acoytef@pbs.org,Male,27.80.216.49
17,Thorpe,Petracek,tpetracekg@google.ca,Male,135.46.216.249
18,Kary,Thomlinson,kthomlinsonh@state.tx.us,Female,69.203.239.60
19,Larry,Collick,lcollicki@thetimes.co.uk,Male,101.19.100.231
20,Gill,Feye,gfeyej@photobucket.com,Male,152.68.231.90
21,Maridel,Biasetti,mbiasettik@umich.edu,Female,183.140.38.217
22,Deanne,Yorston,dyorstonl@ezinearticles.com,Female,62.80.169.126
23,Giffer,Griffe,ggriffem@walmart.com,Male,211.82.165.210
24,Granthem,Bett,gbettn@wufoo.com,Male,68.216.186.179
25,Valentina,Marushak,vmarushako@furl.net,Female,104.77.3.193
26,Haydon,Roubottom,hroubottomp@chronoengine.com,Male,43.177.175.52
27,Isabella,Wisniewski,iwisniewskiq@prlog.org,Female,114.42.142.210
28,Robinson,Snellman,rsnellmanr@hud.gov,Male,126.34.72.87
29,Noel,Bullock,nbullocks@craigslist.org,Female,24.138.178.53
30,Joellyn,Shanley,jshanleyt@sohu.com,Female,212.239.81.144
31,Bertine,Nardoni,bnardoniu@is.gd,Female,71.64.199.130
32,Neddie,Pulbrook,npulbrookv@umich.edu,Male,86.114.71.245
33,Alejandra,Hairsnape,ahairsnapew@amazon.com,Female,11.139.156.87
34,James,Gamet,jgametx@intel.com,Male,177.244.222.208
35,Humfrid,Piercy,hpiercyy@facebook.com,Male,198.249.60.214
36,Benedict,Bard,bbardz@netvibes.com,Male,66.168.28.140
37,Donall,Lainge,dlainge10@macromedia.com,Male,161.87.69.10
38,Margret,Mathew,mmathew11@ftc.gov,Female,217.223.196.131
39,Ira,Bannerman,ibannerman12@gravatar.com,Male,117.12.105.106
40,Jana,Iverson,jiverson13@comcast.net,Female,100.201.86.99
41,Nessie,Wreak,nwreak14@nature.com,Female,225.197.140.221
42,Coralyn,McGuire,cmcguire15@ucoz.ru,Female,51.76.13.18
43,Milton,Huskisson,mhuskisson16@quantcast.com,Male,201.69.34.8
44,Dionisio,McGuckin,dmcguckin17@technorati.com,Male,224.213.213.86
45,Rozanna,Axel,raxel18@cornell.edu,Female,206.205.145.18
46,Torie,Crosseland,tcrosseland19@dropbox.com,Female,151.184.230.19
47,Linette,Tollit,ltollit1a@blogspot.com,Female,164.17.228.197
48,Egor,Downse,edownse1b@altervista.org,Male,154.147.139.240
49,Xena,Cheshir,xcheshir1c@va.gov,Female,30.134.134.37
50,Abe,Pereira,apereira1d@godaddy.com,Male,31.199.82.144
51,Brianne,MacDougall,bmacdougall1e@nytimes.com,Female,96.142.74.95
52,Mackenzie,Farrier,mfarrier1f@mozilla.org,Male,47.29.228.155
53,Hersch,Brimilcombe,hbrimilcombe1g@amazon.com,Male,144.113.238.240
54,Emmerich,Scoterbosh,escoterbosh1h@privacy.gov.au,Male,117.170.98.177
55,Binnie,Eastridge,beastridge1i@google.de,Female,36.164.37.122
56,Lucila,Alexandersson,lalexandersson1j@nature.com,Female,30.130.63.42
57,Theodore,Newburn,tnewburn1k@spotify.com,Male,129.191.185.79
58,Dory,Posten,dposten1l@whitehouse.gov,Male,70.115.83.152
59,Farley,Danilin,fdanilin1m@cdc.gov,Male,86.116.9.251
60,Carlos,Allcock,callcock1n@fastcompany.com,Male,114.81.93.213
61,Rodd,Lehrle,rlehrle1o@tinyurl.com,Male,149.148.90.182
62,Rene,Middleton,rmiddleton1p@independent.co.uk,Male,35.201.36.195
63,Maritsa,Watt,mwatt1q@360.cn,Female,193.199.7.78
64,Petronille,Watterson,pwatterson1r@toplist.cz,Female,135.219.115.152
65,Verile,Van't Hoff,vvanthoff1s@skyrock.com,Female,232.140.58.57
66,Lucretia,Antunes,lantunes1t@blog.com,Female,11.187.64.61
67,Dianne,Rentz,drentz1u@google.co.uk,Female,188.28.66.197
68,Issy,Burnie,iburnie1v@seattletimes.com,Female,151.150.29.89
69,Wally,Petric,wpetric1w@ameblo.jp,Male,80.169.0.140
70,Dunc,Cardow,dcardow1x@instagram.com,Male,158.177.52.229
71,Keith,Charke,kcharke1y@g.co,Male,146.68.149.165
72,Mycah,Frankcomb,mfrankcomb1z@wufoo.com,Male,10.202.86.233
73,Rolfe,Jayume,rjayume20@dagondesign.com,Male,229.192.183.136
74,Ewan,Hevey,ehevey21@baidu.com,Male,209.39.131.4
75,Ulberto,Kilgannon,ukilgannon22@google.com,Male,186.46.28.189
76,Margery,Dingwall,mdingwall23@digg.com,Female,175.208.22.143
77,Bobby,Dowry,bdowry24@dell.com,Female,58.240.127.183
78,Oralle,Cranidge,ocranidge25@nifty.com,Female,246.46.137.88
79,Jessie,Carlesi,jcarlesi26@blinklist.com,Male,225.251.66.151
80,Efren,Cammomile,ecammomile27@delicious.com,Male,1.0.218.38
81,Manfred,Bircher,mbircher28@house.gov,Male,133.164.131.63
82,Debera,Ordemann,dordemann29@foxnews.com,Female,9.14.15.14
83,Urbanus,Cestard,ucestard2a@umn.edu,Male,61.189.232.122
84,Lavinia,Hacon,lhacon2b@hibu.com,Female,32.4.229.115
85,Dulci,Matson,dmatson2c@goo.gl,Female,131.64.104.152
86,Eleanora,Bunker,ebunker2d@dot.gov,Female,38.155.66.19
87,Niki,Cutbush,ncutbush2e@ox.ac.uk,Male,140.117.186.36
88,Coletta,Hatherleigh,chatherleigh2f@imageshack.us,Female,48.197.134.75
89,Cheri,Berrane,cberrane2g@t.co,Female,154.65.63.246
90,Bancroft,Gianullo,bgianullo2h@csmonitor.com,Male,197.189.90.240
91,Edward,Knagges,eknagges2i@a8.net,Male,222.78.176.195
92,Bradly,Stockill,bstockill2j@yelp.com,Male,9.15.10.240
93,Lula,Borthe,lborthe2k@stumbleupon.com,Female,192.64.84.36
94,Roana,Novotna,rnovotna2l@amazon.co.uk,Female,47.243.28.12
95,Gauthier,Kenner,gkenner2m@spotify.com,Male,197.220.164.28
96,Hendrika,Bernardini,hbernardini2n@sourceforge.net,Female,121.213.21.25
97,Constancy,Findlay,cfindlay2o@ameblo.jp,Female,34.207.247.195
98,Wyn,Berrygun,wberrygun2p@msn.com,Male,143.10.202.77
99,Gauthier,Tidmarsh,gtidmarsh2q@engadget.com,Male,160.8.182.81
100,Dorita,Lovegrove,dlovegrove2r@cloudflare.com,Female,192.5.56.100
101,Jillie,Sawbridge,jsawbridge2s@adobe.com,Female,35.129.75.192
102,Tresa,Idale,tidale2t@yahoo.com,Female,186.98.231.31
103,Kermy,Lehrian,klehrian2u@forbes.com,Male,113.137.177.149
104,Carleton,Wynne,cwynne2v@slashdot.org,Male,37.206.118.156
105,Ruth,Ccomini,rccomini2w@bizjournals.com,Female,176.151.119.51
106,Brig,Bastock,bbastock2x@illinois.edu,Male,86.110.106.195
107,Karlie,Sibbet,ksibbet2y@foxnews.com,Female,122.61.38.156
108,Zilvia,Gotthard,zgotthard2z@chicagotribune.com,Female,0.197.130.161
109,Harald,Hubbucks,hhubbucks30@netvibes.com,Male,78.194.119.182
110,Kacie,Gurrado,kgurrado31@un.org,Female,122.128.57.124
111,Ferdie,Orrice,forrice32@europa.eu,Male,146.194.207.158
112,Burty,Mogey,bmogey33@google.es,Male,245.196.42.233
113,Melinda,Celiz,mceliz34@jalbum.net,Female,134.115.77.205
114,Donnie,Hill,dhill35@facebook.com,Male,129.174.30.150
115,Ignacio,Shreenan,ishreenan36@51.la,Male,17.149.249.23
116,Dunc,Retallack,dretallack37@livejournal.com,Male,102.219.20.139
117,Inigo,Cawdery,icawdery38@miibeian.gov.cn,Male,75.201.4.146
118,Josephine,Mugleston,jmugleston39@economist.com,Female,92.167.81.255
119,Garwin,Charte,gcharte3a@samsung.com,Male,194.130.254.163
120,Putnem,Brandreth,pbrandreth3b@springer.com,Male,67.201.103.251
121,Nanette,Kilgour,nkilgour3c@cnet.com,Female,128.8.141.61
122,Riley,Tilby,rtilby3d@blinklist.com,Male,212.14.95.249
123,Ahmad,Edmonston,aedmonston3e@so-net.ne.jp,Male,186.77.121.109
124,Kyrstin,Gingle,kgingle3f@skyrock.com,Female,53.76.229.169
125,Stearne,Cocker,scocker3g@foxnews.com,Male,134.2.83.203
126,Suzanne,Heugel,sheugel3h@nih.gov,Female,154.174.219.93
127,Sibyl,Bourbon,sbourbon3i@disqus.com,Male,14.202.183.166
128,Derry,Lantaph,dlantaph3j@cisco.com,Male,61.107.242.184
129,Artair,Gostridge,agostridge3k@mapquest.com,Male,81.108.24.237
130,Morena,Deaville,mdeaville3l@freewebs.com,Female,115.35.224.62
131,Constantine,Stow,cstow3m@etsy.com,Male,245.145.164.240
132,Krystalle,Affron,kaffron3n@exblog.jp,Female,179.144.170.227
133,Jordain,Barca,jbarca3o@deliciousdays.com,Female,0.165.42.254
134,Halimeda,Kasparski,hkasparski3p@php.net,Female,64.170.129.21
135,Rollins,Grasser,rgrasser3q@theguardian.com,Male,79.126.83.107
136,Gusty,Dowd,gdowd3r@cocolog-nifty.com,Female,141.70.58.134
137,Ruthie,Whetson,rwhetson3s@slate.com,Female,226.132.78.125
138,Harri,Buie,hbuie3t@altervista.org,Female,30.8.116.203
139,Minor,Lammerts,mlammerts3u@xing.com,Male,216.39.2.216
140,Dawn,Abrahmovici,dabrahmovici3v@spotify.com,Female,223.11.236.19
141,Sigismund,Lambarton,slambarton3w@yellowbook.com,Male,244.0.54.107
142,Ki,Chapleo,kchapleo3x@e-recht24.de,Female,178.204.55.189
143,Heriberto,Crichmere,hcrichmere3y@tamu.edu,Male,65.77.198.95
144,Emmalyn,Ambrosini,eambrosini3z@amazonaws.com,Female,127.70.205.88
145,Dean,Cadwallader,dcadwallader40@amazon.co.jp,Male,37.232.195.28
146,Lincoln,Simonin,lsimonin41@diigo.com,Male,150.241.210.106
147,Giacomo,Brugsma,gbrugsma42@wordpress.org,Male,142.15.73.69
148,Candi,Duffet,cduffet43@harvard.edu,Female,27.118.191.230
149,Fidela,Dugdale,fdugdale44@kickstarter.com,Female,58.83.128.94
150,Woodrow,Grigsby,wgrigsby45@xing.com,Male,133.218.150.252
151,Kilian,Tyne,ktyne46@posterous.com,Male,12.147.195.211
152,Ambur,Bernon,abernon47@is.gd,Female,123.87.137.87
153,Ivette,Ord,iord48@mediafire.com,Female,63.35.135.167
154,Andrey,Lelievre,alelievre49@moonfruit.com,Male,121.105.224.163
155,Tanya,Finlay,tfinlay4a@dropbox.com,Female,137.74.166.238
156,Ernesto,Maystone,emaystone4b@wikia.com,Male,107.35.153.139
157,Sauveur,Blessed,sblessed4c@chronoengine.com,Male,159.110.204.246
158,Babb,Debold,bdebold4d@pbs.org,Female,245.89.92.103
159,Coreen,Clopton,cclopton4e@soup.io,Female,215.28.83.24
160,Donnamarie,Bagniuk,dbagniuk4f@biblegateway.com,Female,99.69.237.180
161,Roma,Crumley,rcrumley4g@washingtonpost.com,Male,41.11.163.79
162,Christyna,Habbershon,chabbershon4h@imdb.com,Female,47.148.194.177
163,Dyann,Petraitis,dpetraitis4i@illinois.edu,Female,75.220.151.16
164,Maureen,Baverstock,mbaverstock4j@tripod.com,Female,29.104.42.79
165,Bobinette,Lamburn,blamburn4k@hao123.com,Female,214.152.194.152
166,Samantha,Lukesch,slukesch4l@homestead.com,Female,52.239.81.217
167,Barron,Morson,bmorson4m@apple.com,Male,99.124.169.251
168,Ethelyn,Honniebal,ehonniebal4n@google.de,Female,57.194.6.74
169,Joli,Lantiff,jlantiff4o@goo.gl,Female,47.82.101.223
170,Kelley,Furmedge,kfurmedge4p@mediafire.com,Female,238.48.58.52
171,Sonia,Whitnall,swhitnall4q@storify.com,Female,190.87.108.63
172,Brig,Skittreal,bskittreal4r@chronoengine.com,Male,138.150.190.130
173,Dionisio,Lumox,dlumox4s@ucsd.edu,Male,183.148.229.223
174,Kevin,Firsby,kfirsby4t@joomla.org,Male,36.62.207.133
175,Annmaria,Piddock,apiddock4u@ebay.com,Female,34.9.234.254
176,Jeffry,Kadd,jkadd4v@weebly.com,Male,100.71.200.60
177,Yance,Casine,ycasine4w@purevolume.com,Male,69.194.181.111
178,Bruno,Thickett,bthickett4x@nih.gov,Male,92.113.243.231
179,Eberhard,Pinare,epinare4y@squidoo.com,Male,40.193.165.114
180,Dun,Epps,depps4z@bizjournals.com,Male,22.98.115.119
181,Hugo,Arrigo,harrigo50@csmonitor.com,Male,38.151.124.20
182,Stillman,Bloxham,sbloxham51@dailymail.co.uk,Male,60.152.196.158
183,Horacio,Haggie,hhaggie52@hatena.ne.jp,Male,56.101.11.250
184,Arlana,Scimoni,ascimoni53@opensource.org,Female,56.34.135.244
185,Del,Hazelton,dhazelton54@spiegel.de,Female,57.19.116.71
186,Agretha,Congram,acongram55@skype.com,Female,23.125.59.60
187,Anica,Bianco,abianco56@godaddy.com,Female,226.133.154.100
188,Bendite,Braffington,bbraffington57@bandcamp.com,Female,97.72.56.66
189,Barbabra,Belsham,bbelsham58@yale.edu,Female,234.77.0.238
190,Moselle,Hattersley,mhattersley59@bbc.co.uk,Female,69.42.153.51
191,Vivie,Seeler,vseeler5a@livejournal.com,Female,103.115.50.222
192,Enrica,Majury,emajury5b@bloglovin.com,Female,151.102.142.187
193,Martha,McLoney,mmcloney5c@elegantthemes.com,Female,133.113.127.151
194,Ced,Stansbie,cstansbie5d@geocities.jp,Male,33.7.148.153
195,Annecorinne,McCambrois,amccambrois5e@webnode.com,Female,23.141.182.225
196,Chicky,Buckell,cbuckell5f@vinaora.com,Female,14.14.32.177
197,Perceval,Chartres,pchartres5g@tiny.cc,Male,45.217.214.12
198,Sanderson,Boulstridge,sboulstridge5h@mapquest.com,Male,123.128.43.155
199,Verne,Laugheran,vlaugheran5i@cnet.com,Male,181.10.65.88
200,Ase,Pogosian,apogosian5j@domainmarket.com,Male,172.64.109.225
201,Cristine,Cran,ccran5k@pinterest.com,Female,26.184.195.96
202,Raymund,Willmer,rwillmer5l@odnoklassniki.ru,Male,42.234.80.124
203,Neddy,Loddon,nloddon5m@furl.net,Male,89.155.178.242
204,Jacquie,Schulkins,jschulkins5n@blog.com,Female,119.112.116.110
205,Minna,Woollard,mwoollard5o@youtu.be,Female,14.14.198.200
206,Gabrila,Waddoups,gwaddoups5p@ustream.tv,Female,44.193.147.208
207,Joana,O'Donoghue,jodonoghue5q@google.com.au,Female,139.13.249.96
208,Aristotle,Cranham,acranham5r@blog.com,Male,25.152.64.191
209,Terrel,Nutley,tnutley5s@zimbio.com,Male,61.220.248.72
210,Ebeneser,Bolden,ebolden5t@ucla.edu,Male,104.86.113.48
211,Asia,Bright,abright5u@xing.com,Female,169.37.182.24
212,Quincy,Kingsford,qkingsford5v@geocities.com,Male,187.103.193.236
213,Elicia,Skeat,eskeat5w@hubpages.com,Female,152.103.164.200
214,Allyn,Thal,athal5x@google.es,Male,73.109.50.249
215,Carlene,Van Bruggen,cvanbruggen5y@lycos.com,Female,88.113.173.111
216,Merrill,Dugall,mdugall5z@deviantart.com,Female,211.221.253.78
217,Jed,Feldberg,jfeldberg60@indiegogo.com,Male,119.90.237.208
218,Estrellita,Bilsborrow,ebilsborrow61@pen.io,Female,149.28.4.160
219,Webster,Tiller,wtiller62@ebay.com,Male,217.188.104.15
220,Felicity,Sieur,fsieur63@cbslocal.com,Female,103.70.63.231
221,Abbi,Garnall,agarnall64@github.com,Female,186.20.231.11
222,Kate,Eads,keads65@japanpost.jp,Female,206.247.249.134
223,Ebba,Seedman,eseedman66@ox.ac.uk,Female,255.189.24.32
224,Edan,Iohananof,eiohananof67@home.pl,Male,170.152.174.50
225,Goran,Tows,gtows68@artisteer.com,Male,130.141.152.2
226,Delmer,Adan,dadan69@icio.us,Male,253.113.234.221
227,Olimpia,Feldon,ofeldon6a@nhs.uk,Female,62.51.174.228
228,Celine,Sallarie,csallarie6b@miibeian.gov.cn,Female,215.117.186.25
229,Izabel,Nehlsen,inehlsen6c@about.me,Female,206.224.190.107
230,Lowe,Dufer,ldufer6d@berkeley.edu,Male,133.1.122.172
231,Paxon,Flieger,pflieger6e@facebook.com,Male,118.168.197.180
232,Pia,Brookes,pbrookes6f@nytimes.com,Female,23.21.148.8
233,Lolly,Grastye,lgrastye6g@jiathis.com,Female,223.161.149.70
234,Greer,MacCorkell,gmaccorkell6h@rediff.com,Female,143.238.70.65
235,Gwenny,Benjamin,gbenjamin6i@google.com.au,Female,179.183.162.78
236,Levey,Bartoletti,lbartoletti6j@netlog.com,Male,171.92.185.186
237,Zebulon,Biggar,zbiggar6k@surveymonkey.com,Male,106.192.208.66
238,Suzy,Vallender,svallender6l@sciencedirect.com,Female,149.207.115.56
239,Ab,Welland,awelland6m@bluehost.com,Male,2.177.254.47
240,Alaine,Stuckey,astuckey6n@pbs.org,Female,15.66.249.168
241,Brannon,Cowie,bcowie6o@ihg.com,Male,120.127.86.142
242,Dag,Dudderidge,ddudderidge6p@npr.org,Male,24.247.0.238
243,Reinhold,Wannell,rwannell6q@squidoo.com,Male,27.218.58.166
244,Ichabod,Kaesmakers,ikaesmakers6r@auda.org.au,Male,198.156.82.41
245,Hortensia,Lambersen,hlambersen6s@zimbio.com,Female,71.195.88.128
246,Borg,Capehorn,bcapehorn6t@yahoo.co.jp,Male,127.37.222.27
247,Colman,Lavers,clavers6u@foxnews.com,Male,161.142.175.121
248,Grier,Jeschner,gjeschner6v@histats.com,Female,222.132.46.109
249,Robin,Warsop,rwarsop6w@netvibes.com,Female,120.173.182.209
250,Franchot,Fiander,ffiander6x@noaa.gov,Male,255.116.34.130
251,Ewan,Sutherden,esutherden6y@liveinternet.ru,Male,89.171.13.221
252,Hashim,Mussington,hmussington6z@booking.com,Male,197.255.206.20
253,Jermayne,Cowan,jcowan70@webs.com,Male,186.185.14.49
254,Jeffry,Martinez,jmartinez71@desdev.cn,Male,166.111.30.164
255,Nevin,Roubert,nroubert72@nasa.gov,Male,57.72.76.5
256,Jeanine,Settle,jsettle73@simplemachines.org,Female,40.53.25.203
257,Sonia,Guterson,sguterson74@cornell.edu,Female,195.159.47.166
258,Roy,Itzchaki,ritzchaki75@comsenz.com,Male,204.228.18.152
259,Fee,Feldberg,ffeldberg76@cafepress.com,Male,234.235.53.70
260,Hieronymus,Devereux,hdevereux77@ucoz.ru,Male,72.145.231.3
261,Jessie,Paike,jpaike78@ovh.net,Female,20.31.180.242
262,Vite,Prestidge,vprestidge79@sun.com,Male,41.210.209.249
263,Peri,Boam,pboam7a@princeton.edu,Female,5.76.202.143
264,Hannah,Elland,helland7b@sciencedaily.com,Female,25.77.29.208
265,Banky,Philott,bphilott7c@1688.com,Male,100.89.87.192
266,Samara,Wohlers,swohlers7d@rambler.ru,Female,114.111.141.94
267,Evered,Twentyman,etwentyman7e@businesswire.com,Male,41.179.227.250
268,Johan,Dunsford,jdunsford7f@techcrunch.com,Male,98.174.53.59
269,Garrott,Lamps,glamps7g@aboutads.info,Male,247.73.111.45
270,Ruthe,MacMeanma,rmacmeanma7h@seattletimes.com,Female,191.246.67.166
271,Hill,Aveling,haveling7i@businessinsider.com,Male,43.190.157.38
272,Estrella,McDougald,emcdougald7j@thetimes.co.uk,Female,85.238.112.222
273,Sena,Yurinov,syurinov7k@t.co,Female,20.59.183.73
274,Everett,Durbann,edurbann7l@state.tx.us,Male,110.221.214.179
275,Julio,Ibeson,jibeson7m@tmall.com,Male,235.213.246.231
276,Elicia,Petrillo,epetrillo7n@princeton.edu,Female,3.18.199.224
277,Gunar,Gwinnell,ggwinnell7o@issuu.com,Male,21.194.218.100
278,Craggy,Daouse,cdaouse7p@google.com,Male,6.92.13.148
279,Hobey,Lamport,hlamport7q@hugedomains.com,Male,106.84.28.208
280,Bartolemo,Effaunt,beffaunt7r@issuu.com,Male,44.226.64.95
281,Carmine,Stoll,cstoll7s@webeden.co.uk,Female,182.94.48.254
282,Elena,Mewis,emewis7t@flavors.me,Female,103.220.101.178
283,Leonanie,Joderli,ljoderli7u@joomla.org,Female,173.118.106.188
284,Roseanna,Danick,rdanick7v@photobucket.com,Female,255.198.104.14
285,Hermy,Tomsu,htomsu7w@un.org,Male,178.50.71.168
286,Braden,Resdale,bresdale7x@hexun.com,Male,42.181.27.44
287,Nikki,Zini,nzini7y@npr.org,Female,151.72.116.248
288,Rhett,Lowes,rlowes7z@nymag.com,Male,187.210.59.68
289,Buckie,Cottey,bcottey80@engadget.com,Male,238.5.252.255
290,Randie,Petrolli,rpetrolli81@unesco.org,Female,72.69.118.176
291,Griffie,Jekel,gjekel82@biglobe.ne.jp,Male,16.207.23.227
292,Barry,Blenkharn,bblenkharn83@mozilla.org,Male,149.253.219.195
293,Trix,Corran,tcorran84@ucsd.edu,Female,0.251.249.248
294,Jackquelin,Newbury,jnewbury85@google.com.au,Female,2.68.110.155
295,Libbi,Wolfindale,lwolfindale86@yellowbook.com,Female,23.56.58.206
296,Josh,Sanders,jsanders87@archive.org,Male,101.19.192.10
297,Tammy,Coard,tcoard88@twitpic.com,Female,109.153.124.240
298,Tanny,Decaze,tdecaze89@economist.com,Male,74.25.155.87
299,Orella,Kinman,okinman8a@angelfire.com,Female,231.220.230.148
300,Herminia,Poser,hposer8b@slideshare.net,Female,41.35.245.213
301,Jennie,McGahey,jmcgahey8c@ucla.edu,Female,51.53.112.190
302,Garald,Tardiff,gtardiff8d@webeden.co.uk,Male,245.22.166.217
303,Ives,Gerssam,igerssam8e@twitter.com,Male,159.212.72.118
304,Clyve,Marcinkus,cmarcinkus8f@un.org,Male,144.114.157.35
305,Kellina,Lees,klees8g@youtu.be,Female,101.115.179.228
306,Giraud,Ricardin,gricardin8h@shinystat.com,Male,78.132.114.247
307,Broderick,Sweatman,bsweatman8i@usnews.com,Male,65.59.92.77
308,Berkeley,Bees,bbees8j@163.com,Male,185.186.173.227
309,Lotte,Wetwood,lwetwood8k@discuz.net,Female,174.123.240.105
310,Lowe,Gaber,lgaber8l@netlog.com,Male,97.221.110.248
311,Lauren,Widdocks,lwiddocks8m@phoca.cz,Male,163.231.95.245
312,Tabbi,Gillice,tgillice8n@biblegateway.com,Female,5.167.0.68
313,Frederico,Janecki,fjanecki8o@howstuffworks.com,Male,71.185.157.7
314,Wilie,Tivolier,wtivolier8p@macromedia.com,Female,88.89.255.228
315,Lazare,Blaxeland,lblaxeland8q@msu.edu,Male,72.103.44.195
316,Dorothy,La Croce,dlacroce8r@skyrock.com,Female,208.160.38.193
317,Andras,Boate,aboate8s@uiuc.edu,Male,99.94.15.250
318,Lora,Vicent,lvicent8t@hatena.ne.jp,Female,172.74.124.91
319,Graham,Abbess,gabbess8u@lulu.com,Male,106.85.24.77
320,Shaun,Clemmow,sclemmow8v@biblegateway.com,Female,147.64.234.147
321,Marwin,Lanahan,mlanahan8w@tinyurl.com,Male,20.247.7.249
322,Nariko,Benton,nbenton8x@deviantart.com,Female,112.154.132.9
323,Mahmud,Dimelow,mdimelow8y@ca.gov,Male,231.102.171.106
324,Ebenezer,Byneth,ebyneth8z@chronoengine.com,Male,26.117.127.234
325,Opalina,Wycliffe,owycliffe90@forbes.com,Female,138.214.222.205
326,Ariella,Hubbucke,ahubbucke91@goo.ne.jp,Female,52.56.189.8
327,Davie,Crowson,dcrowson92@independent.co.uk,Male,242.188.129.28
328,Liuka,De Lasci,ldelasci93@weather.com,Female,244.135.103.166
329,Catrina,Mulhall,cmulhall94@businessweek.com,Female,132.243.9.144
330,Filberte,Dungate,fdungate95@dailymail.co.uk,Male,72.61.158.197
331,Atalanta,Lazenby,alazenby96@bloglovin.com,Female,191.223.196.244
332,Kai,Aspell,kaspell97@nba.com,Female,230.215.241.154
333,Eleanore,Smoote,esmoote98@nhs.uk,Female,244.69.110.33
334,Skipper,Dorran,sdorran99@yolasite.com,Male,245.229.183.51
335,Kaja,Pinke,kpinke9a@wp.com,Female,118.59.154.178
336,Alasdair,Siaskowski,asiaskowski9b@yelp.com,Male,203.254.194.10
337,Aaron,Dunwoody,adunwoody9c@multiply.com,Male,84.19.46.108
338,Case,Aronowitz,caronowitz9d@gnu.org,Male,137.207.35.184
339,Jessey,Rickwood,jrickwood9e@facebook.com,Male,34.90.14.130
340,Jordanna,Lancastle,jlancastle9f@behance.net,Female,126.184.208.23
341,Petey,Mapledoram,pmapledoram9g@usgs.gov,Male,44.199.140.173
342,Odilia,Stenton,ostenton9h@dyndns.org,Female,162.104.190.31
343,Dick,Vuitte,dvuitte9i@sbwire.com,Male,145.118.28.121
344,Annabal,Gummoe,agummoe9j@ustream.tv,Female,246.112.108.113
345,Baillie,Qualtro,bqualtro9k@thetimes.co.uk,Male,118.58.193.136
346,Ethelyn,Tarborn,etarborn9l@plala.or.jp,Female,129.56.105.37
347,Boone,Knowler,bknowler9m@webs.com,Male,208.134.75.158
348,Lina,Hearfield,lhearfield9n@gravatar.com,Female,130.82.209.222
349,Rickard,Keming,rkeming9o@dedecms.com,Male,188.20.149.227
350,Alistair,Izen,aizen9p@chron.com,Male,112.153.94.215
351,Coraline,Colquite,ccolquite9q@cam.ac.uk,Female,64.29.63.1
352,Codi,Buckam,cbuckam9r@yellowbook.com,Male,131.14.94.69
353,Warde,Sigfrid,wsigfrid9s@cdbaby.com,Male,142.183.44.111
354,Rosanne,Nutten,rnutten9t@mozilla.com,Female,110.99.236.47
355,Wayland,Melvin,wmelvin9u@state.gov,Male,214.113.247.244
356,Cristy,Brough,cbrough9v@thetimes.co.uk,Female,140.185.159.121
357,Margarette,Poppleton,mpoppleton9w@ca.gov,Female,139.239.54.198
358,Wiley,Evison,wevison9x@liveinternet.ru,Male,96.164.44.103
359,Alisa,Piscopiello,apiscopiello9y@illinois.edu,Female,138.131.11.28
360,Pierce,Groucutt,pgroucutt9z@theglobeandmail.com,Male,175.10.72.17
361,Ad,Clelle,aclellea0@blinklist.com,Male,158.41.149.32
362,Donella,Dufton,dduftona1@istockphoto.com,Female,160.30.237.120
363,Holden,Stoddart,hstoddarta2@so-net.ne.jp,Male,82.98.113.14
364,Ardith,Flewitt,aflewitta3@ihg.com,Female,219.31.227.91
365,Leta,Winspear,lwinspeara4@elpais.com,Female,59.101.11.154
366,Karie,McKerley,kmckerleya5@wikimedia.org,Female,151.31.66.118
367,Franz,Starking,fstarkinga6@mediafire.com,Male,121.36.246.10
368,Brooks,Attwell,battwella7@mit.edu,Male,125.218.186.17
369,Joya,Lafaye,jlafayea8@hubpages.com,Female,215.43.97.32
370,Kleon,Tackle,ktacklea9@youku.com,Male,111.79.236.165
371,Rafaelita,Resdale,rresdaleaa@unesco.org,Female,202.154.92.145
372,Sharline,Sheering,ssheeringab@odnoklassniki.ru,Female,10.211.9.23
373,Ynes,Woolaghan,ywoolaghanac@usa.gov,Female,244.169.37.51
374,Wilie,Zammitt,wzammittad@msu.edu,Female,233.180.86.240
375,Linnell,Jimes,ljimesae@oracle.com,Female,78.251.246.110
376,Roosevelt,Simoneton,rsimonetonaf@github.io,Male,68.197.193.193
377,Iver,Le Marchant,ilemarchantag@ehow.com,Male,47.229.109.117
378,Dwayne,Tempest,dtempestah@goo.gl,Male,168.222.13.168
379,Jeromy,Habeshaw,jhabeshawai@merriam-webster.com,Male,55.36.45.55
380,Frankie,Christoforou,fchristoforouaj@wikia.com,Male,141.83.224.159
381,Grete,Winkett,gwinkettak@imdb.com,Female,134.190.15.197
382,Britteny,Marti,bmartial@timesonline.co.uk,Female,88.197.247.101
383,Bev,Dicke,bdickeam@washington.edu,Female,83.240.197.42
384,Erwin,Cogman,ecogmanan@phpbb.com,Male,16.38.141.28
385,Celestyna,Fogg,cfoggao@cocolog-nifty.com,Female,167.251.215.98
386,Karia,Lymbourne,klymbourneap@dedecms.com,Female,218.254.159.247
387,Lotty,De Freyne,ldefreyneaq@goo.ne.jp,Female,174.143.179.114
388,Ileana,Labon,ilabonar@rakuten.co.jp,Female,57.30.142.146
389,Barr,Gors,bgorsas@sun.com,Male,161.28.127.44
390,Felipa,Haggis,fhaggisat@oracle.com,Female,146.39.148.57
391,Marketa,Dillistone,mdillistoneau@cornell.edu,Female,35.54.61.218
392,Pate,Cussen,pcussenav@usnews.com,Male,242.79.236.111
393,Cyrus,Morales,cmoralesaw@disqus.com,Male,134.168.254.82
394,Dilly,Eliyahu,deliyahuax@examiner.com,Male,192.255.27.93
395,Joan,Pettegree,jpettegreeay@bbb.org,Female,80.220.192.162
396,Madella,Astie,mastieaz@wikimedia.org,Female,217.140.151.2
397,Nelly,Stevani,nstevanib0@unicef.org,Female,223.241.101.106
398,Kelsey,Fosberry,kfosberryb1@discovery.com,Female,1.237.110.85
399,Ingamar,Garnsey,igarnseyb2@tamu.edu,Male,247.139.58.235
400,Daryl,Valder,dvalderb3@lycos.com,Male,14.77.133.160
401,Gerik,Caulkett,gcaulkettb4@google.com.hk,Male,216.111.240.175
402,Catriona,Harvie,charvieb5@google.co.jp,Female,59.219.24.181
403,Maegan,Sier,msierb6@japanpost.jp,Female,141.27.118.220
404,Richart,Coe,rcoeb7@unicef.org,Male,136.4.128.73
405,Markus,Giametti,mgiamettib8@amazonaws.com,Male,198.0.25.206
406,Mellisent,Queree,mquereeb9@independent.co.uk,Female,82.153.235.251
407,Kip,Bruckner,kbrucknerba@example.com,Male,124.24.244.76
408,Brynna,Butterley,bbutterleybb@irs.gov,Female,78.34.103.87
409,Aindrea,Lipsett,alipsettbc@youtube.com,Female,210.30.56.244
410,Farica,Belmont,fbelmontbd@google.ca,Female,194.72.160.183
411,Nellie,Standell,nstandellbe@miitbeian.gov.cn,Female,149.170.101.67
412,Damara,Domaschke,ddomaschkebf@delicious.com,Female,31.160.33.203
413,Nariko,O'Kielt,nokieltbg@hostgator.com,Female,207.90.119.83
414,Vasilis,Narramore,vnarramorebh@creativecommons.org,Male,163.228.78.37
415,Sigfried,Renvoise,srenvoisebi@live.com,Male,70.229.177.29
416,Christy,Mintram,cmintrambj@cnn.com,Female,63.230.138.57
417,Quill,Cramond,qcramondbk@tinypic.com,Male,137.231.42.20
418,Thorstein,Bignall,tbignallbl@w3.org,Male,158.80.47.243
419,Reynolds,Pottery,rpotterybm@economist.com,Male,219.132.55.92
420,Dory,Attenbrow,dattenbrowbn@vkontakte.ru,Female,253.251.139.227
421,Thatcher,Simmonett,tsimmonettbo@vistaprint.com,Male,212.160.246.21
422,Brien,Gres,bgresbp@ocn.ne.jp,Male,36.252.223.20
423,Lydie,Droghan,ldroghanbq@home.pl,Female,3.129.31.174
424,Truda,Coal,tcoalbr@cnn.com,Female,125.140.116.85
425,Valaree,Stollenbecker,vstollenbeckerbs@ocn.ne.jp,Female,146.96.115.105
426,Pier,Sharman,psharmanbt@comsenz.com,Female,124.247.85.66
427,Vanni,McClay,vmcclaybu@foxnews.com,Female,35.167.103.170
428,Amberly,Sappell,asappellbv@marketwatch.com,Female,253.160.95.237
429,Susy,Crosfield,scrosfieldbw@blogger.com,Female,76.184.170.75
430,Erie,Willingam,ewillingambx@va.gov,Male,30.247.74.58
431,Norrie,Karlik,nkarlikby@creativecommons.org,Male,206.30.119.39
432,Kenna,Odgaard,kodgaardbz@un.org,Female,74.61.8.114
433,Stephana,Pabst,spabstc0@elegantthemes.com,Female,195.13.91.66
434,Lois,Adelman,ladelmanc1@phpbb.com,Female,121.131.203.63
435,Fara,Ganny,fgannyc2@blogs.com,Female,48.149.210.172
436,Harrietta,Latore,hlatorec3@eventbrite.com,Female,198.78.240.140
437,Ardelis,Kochel,akochelc4@google.com.hk,Female,175.132.100.231
438,Gavan,L'argent,glargentc5@google.co.jp,Male,53.60.71.180
439,Germain,Bloggett,gbloggettc6@bloglovin.com,Female,103.198.98.28
440,Eleen,Maddicks,emaddicksc7@wufoo.com,Female,194.149.196.111
441,Talia,Josse,tjossec8@businessinsider.com,Female,62.232.172.234
442,Candice,Pandya,cpandyac9@bbb.org,Female,180.250.194.112
443,Courtenay,McLanaghan,cmclanaghanca@pen.io,Female,136.183.140.28
444,Augustina,Dyment,adymentcb@livejournal.com,Female,133.39.206.63
445,Izaak,Wheldon,iwheldoncc@psu.edu,Male,71.218.140.165
446,Marcellus,By,mbycd@elegantthemes.com,Male,188.229.1.255
447,Craig,Behnke,cbehnkece@nyu.edu,Male,146.166.51.128
448,Elladine,Van Saltsberg,evansaltsbergcf@bing.com,Female,96.37.74.118
449,Alister,Youson,ayousoncg@boston.com,Male,107.67.251.77
450,Myer,Scrammage,mscrammagech@umn.edu,Male,25.151.120.226
451,Marylinda,Hedges,mhedgesci@webmd.com,Female,220.228.115.9
452,Raven,Patrickson,rpatricksoncj@gmpg.org,Female,205.84.223.37
453,Eugen,Christer,echristerck@squarespace.com,Male,119.177.198.104
454,Lamar,Herity,lheritycl@telegraph.co.uk,Male,5.106.246.176
455,Lucilia,Jones,ljonescm@oracle.com,Female,74.230.158.220
456,Pooh,Adenet,padenetcn@pinterest.com,Female,162.207.98.45
457,Theodor,Starrs,tstarrsco@google.com.hk,Male,200.230.0.58
458,Elwood,Letford,eletfordcp@shutterfly.com,Male,126.37.231.217
459,Cal,Glencrosche,cglencroschecq@nbcnews.com,Female,242.215.241.44
460,Dennet,Baumann,dbaumanncr@seesaa.net,Male,186.5.236.116
461,Illa,Cluderay,icluderaycs@dailymail.co.uk,Female,192.214.0.55
462,Welch,Cleef,wcleefct@phpbb.com,Male,112.207.149.234
463,Elyse,Fitzgerald,efitzgeraldcu@tinypic.com,Female,98.89.57.113
464,Ruthie,Ingleby,ringlebycv@cnet.com,Female,164.140.27.120
465,Purcell,Tillman,ptillmancw@ucoz.com,Male,18.142.168.157
466,Carce,Rubinfajn,crubinfajncx@arstechnica.com,Male,145.105.254.49
467,Marsiella,Huguet,mhuguetcy@sciencedaily.com,Female,119.30.147.78
468,Ringo,Stranieri,rstraniericz@nydailynews.com,Male,138.25.230.130
469,Merrielle,Stoggles,mstogglesd0@theatlantic.com,Female,185.196.184.39
470,Jeanne,McGillacoell,jmcgillacoelld1@omniture.com,Female,52.253.197.16
471,Lonnard,Chadwen,lchadwend2@about.com,Male,150.73.165.240
472,Eziechiele,Broxton,ebroxtond3@tripadvisor.com,Male,237.92.96.150
473,Donny,Thibodeaux,dthibodeauxd4@dmoz.org,Male,31.245.113.230
474,Zak,Dodimead,zdodimeadd5@sakura.ne.jp,Male,83.202.106.124
475,Lianne,Tomson,ltomsond6@washingtonpost.com,Female,217.174.167.44
476,Xavier,Dumbarton,xdumbartond7@technorati.com,Male,201.135.64.183
477,Robinette,Shobrook,rshobrookd8@cbc.ca,Female,5.25.81.105
478,Bette-ann,Hunnicutt,bhunnicuttd9@squarespace.com,Female,11.230.18.50
479,Vivienne,Kurton,vkurtonda@whitehouse.gov,Female,191.32.71.189
480,Camella,Snelman,csnelmandb@elegantthemes.com,Female,25.224.247.162
481,Freemon,Benton,fbentondc@desdev.cn,Male,65.75.114.48
482,Griff,M'cowis,gmcowisdd@wufoo.com,Male,221.184.88.69
483,Jessamyn,Saltmarsh,jsaltmarshde@macromedia.com,Female,176.105.239.110
484,Nye,Brotherick,nbrotherickdf@java.com,Male,178.41.22.124
485,Rosene,Shaylor,rshaylordg@yelp.com,Female,206.102.249.145
486,Dacey,Spriggs,dspriggsdh@mapy.cz,Female,98.6.220.217
487,Sydel,Riccelli,sriccellidi@xing.com,Female,217.14.123.111
488,Lamar,Orrick,lorrickdj@fda.gov,Male,26.175.149.148
489,Freda,Wharmby,fwharmbydk@hhs.gov,Female,182.102.232.9
490,Nehemiah,Lembcke,nlembckedl@indiegogo.com,Male,105.147.217.48
491,Lindsey,Worman,lwormandm@craigslist.org,Female,69.73.167.89
492,Christyna,State,cstatedn@seesaa.net,Female,86.254.17.70
493,Culley,Duro,cdurodo@slate.com,Male,207.172.142.237
494,Vernen,Shattock,vshattockdp@wordpress.org,Male,247.188.28.6
495,Della,Ducham,dduchamdq@weather.com,Female,158.101.126.69
496,Chere,Olivi,colividr@addthis.com,Female,251.55.82.128
497,Myron,Kneeshaw,mkneeshawds@adobe.com,Male,72.198.8.219
498,Claiborn,Addionisio,caddionisiodt@hexun.com,Male,232.237.222.149
499,Ravi,Struis,rstruisdu@domainmarket.com,Male,234.232.72.95
500,Crin,Cashman,ccashmandv@ask.com,Female,118.27.215.24
501,Kerwin,Barnett,kbarnettdw@ucoz.com,Male,199.110.139.38
502,Farleigh,Barnewille,fbarnewilledx@discovery.com,Male,23.98.216.107
503,Briney,Rudeyeard,brudeyearddy@disqus.com,Female,153.113.235.12
504,Phillie,Levitt,plevittdz@bandcamp.com,Female,185.77.251.93
505,Jami,Firidolfi,jfiridolfie0@1und1.de,Female,37.104.101.156
506,Mayne,Towriss,mtowrisse1@guardian.co.uk,Male,246.48.172.15
507,Dominic,Josskoviz,djosskovize2@icio.us,Male,14.91.115.132
508,Nollie,Mease,nmeasee3@alibaba.com,Female,163.251.47.44
509,Niki,Kimbrey,nkimbreye4@omniture.com,Female,71.149.53.166
510,Fairleigh,Blood,fbloode5@whitehouse.gov,Male,243.196.36.189
511,Dinny,Ivshin,divshine6@indiatimes.com,Female,155.119.210.6
512,Kathy,Spillane,kspillanee7@examiner.com,Female,143.183.17.196
513,Homer,Gosby,hgosbye8@intel.com,Male,89.232.215.214
514,Helsa,Durtnal,hdurtnale9@digg.com,Female,222.3.81.97
515,Hillier,Spratt,hsprattea@economist.com,Male,155.159.174.235
516,Elvera,Cowing,ecowingeb@flickr.com,Female,226.237.119.15
517,Clementia,Got,cgotec@google.ru,Female,23.101.187.67
518,Shaylyn,Guerrin,sguerrined@dot.gov,Female,250.185.222.203
519,Justis,Laister,jlaisteree@wp.com,Male,119.89.126.120
520,Catlee,Plesing,cplesingef@ibm.com,Female,219.63.232.237
521,Odelinda,Miettinen,omiettineneg@adobe.com,Female,189.229.172.26
522,Marge,Brumpton,mbrumptoneh@joomla.org,Female,44.54.251.110
523,Emlyn,Shaw,eshawei@a8.net,Male,233.99.55.217
524,Natty,Chatain,nchatainej@wikispaces.com,Male,199.245.60.38
525,Trip,Erat,teratek@reverbnation.com,Male,50.252.197.189
526,Burk,Mc Gorley,bmcgorleyel@desdev.cn,Male,14.147.49.6
527,Bertie,Tomczykowski,btomczykowskiem@webeden.co.uk,Female,169.4.241.25
528,Janette,Olphert,jolpherten@oakley.com,Female,115.203.243.2
529,Maiga,Ravenscraft,mravenscrafteo@cocolog-nifty.com,Female,118.90.174.148
530,Karina,Mizzen,kmizzenep@fastcompany.com,Female,50.242.31.25
531,Gayle,Yerrington,gyerringtoneq@yale.edu,Male,230.64.138.176
532,Zoe,Sertin,zsertiner@cnbc.com,Female,89.206.26.74
533,Xenos,Mughal,xmughales@thetimes.co.uk,Male,194.240.229.133
534,Erminia,Maggiore,emaggioreet@wikispaces.com,Female,36.236.76.72
535,Roldan,Iozefovich,riozefovicheu@deliciousdays.com,Male,10.12.193.4
536,Dill,Francey,dfranceyev@japanpost.jp,Male,49.90.124.205
537,Dianemarie,Picheford,dpichefordew@mysql.com,Female,161.185.145.90
538,Anastasia,Hryskiewicz,ahryskiewiczex@smugmug.com,Female,124.213.16.229
539,Lancelot,Lievesley,llievesleyey@icio.us,Male,82.11.6.114
540,Kinna,Spollen,kspollenez@cnbc.com,Female,33.150.149.209
541,Gayler,Benezeit,gbenezeitf0@blogspot.com,Male,15.183.122.252
542,Easter,Gallagher,egallagherf1@youtu.be,Female,74.92.110.198
543,Linnell,Wallsworth,lwallsworthf2@paypal.com,Female,72.92.151.146
544,Silvester,Hancke,shanckef3@ycombinator.com,Male,241.242.91.162
545,Nerti,Anker,nankerf4@ed.gov,Female,5.107.62.155
546,Fanny,Radnage,fradnagef5@com.com,Female,204.48.233.237
547,Lynde,Aspital,laspitalf6@xinhuanet.com,Female,119.206.167.174
548,Clari,Paxeford,cpaxefordf7@constantcontact.com,Female,126.185.173.168
549,Marsha,Ladloe,mladloef8@shop-pro.jp,Female,140.202.243.98
550,Danya,Duckers,dduckersf9@wiley.com,Male,101.26.201.154
551,Kiel,Cowlam,kcowlamfa@elpais.com,Male,177.214.191.84
552,Dacia,Lyal,dlyalfb@theglobeandmail.com,Female,177.187.44.86
553,Wallache,Masselin,wmasselinfc@blogtalkradio.com,Male,101.204.167.148
554,Niles,Rookesby,nrookesbyfd@amazonaws.com,Male,87.153.55.30
555,Rip,Baumann,rbaumannfe@ifeng.com,Male,38.37.148.39
556,Josie,Cosh,jcoshff@state.tx.us,Female,165.218.150.75
557,Benetta,Stenners,bstennersfg@stanford.edu,Female,219.28.163.146
558,Ethelred,Weldrake,eweldrakefh@weibo.com,Male,50.151.241.58
559,Bryana,Fowell,bfowellfi@jiathis.com,Female,55.58.45.90
560,Mohammed,MacAleese,mmacaleesefj@spiegel.de,Male,100.152.226.254
561,Pearl,Loiterton,ploitertonfk@godaddy.com,Female,148.37.17.106
562,Austine,Pendered,apenderedfl@theguardian.com,Female,164.156.148.52
563,Maison,Dilley,mdilleyfm@pcworld.com,Male,204.46.180.145
564,Justus,Wardington,jwardingtonfn@vistaprint.com,Male,238.169.198.50
565,Edgardo,Elgar,eelgarfo@apple.com,Male,97.80.159.182
566,Hillard,Jolliffe,hjolliffefp@ehow.com,Male,13.214.32.54
567,Winn,Garforth,wgarforthfq@google.it,Male,99.188.217.48
568,Harriett,Sharper,hsharperfr@uiuc.edu,Female,37.57.4.165
569,Jessamyn,Kornyakov,jkornyakovfs@hc360.com,Female,196.183.183.70
570,Joseph,Simak,jsimakft@123-reg.co.uk,Male,67.27.182.15
571,Ellen,McGuigan,emcguiganfu@nhs.uk,Female,26.137.1.193
572,Horatio,Konig,hkonigfv@hp.com,Male,243.147.246.112
573,Brod,Dybald,bdybaldfw@sakura.ne.jp,Male,50.240.157.67
574,Thornie,Osmon,tosmonfx@google.ru,Male,65.139.46.139
575,Neville,Thurlbourne,nthurlbournefy@twitter.com,Male,40.28.217.27
576,Madelle,Balwin,mbalwinfz@miitbeian.gov.cn,Female,110.84.57.13
577,Evelyn,Dunhill,edunhillg0@ehow.com,Female,93.239.42.69
578,Lavinie,Bickley,lbickleyg1@cpanel.net,Female,29.185.236.108
579,Maureen,Giametti,mgiamettig2@scientificamerican.com,Female,33.68.232.74
580,Benedikta,Tittershill,btittershillg3@cdc.gov,Female,35.243.40.129
581,Dannie,Botting,dbottingg4@miitbeian.gov.cn,Male,13.118.118.49
582,Jonas,Skewis,jskewisg5@ebay.co.uk,Male,216.112.113.57
583,Byram,Kneel,bkneelg6@newyorker.com,Male,147.145.207.146
584,Tally,Kinnane,tkinnaneg7@slideshare.net,Male,131.64.244.162
585,Zea,Furby,zfurbyg8@rambler.ru,Female,117.209.99.104
586,Manuel,Webster,mwebsterg9@dailymotion.com,Male,155.80.236.156
587,Adorne,Harbertson,aharbertsonga@discovery.com,Female,246.130.193.96
588,Delmore,Goode,dgoodegb@parallels.com,Male,194.97.195.103
589,Daria,Gherardi,dgherardigc@virginia.edu,Female,177.197.76.161
590,Willamina,Newcomen,wnewcomengd@t.co,Female,217.9.76.101
591,Ysabel,Piquard,ypiquardge@unc.edu,Female,212.129.219.166
592,Marjory,Donnelly,mdonnellygf@statcounter.com,Female,58.199.238.16
593,Ansell,Kohter,akohtergg@answers.com,Male,90.243.190.69
594,Josie,Grzeskowski,jgrzeskowskigh@bing.com,Female,37.64.193.178
595,Evelyn,Harrower,eharrowergi@networksolutions.com,Female,149.225.248.29
596,Christoph,Phear,cpheargj@bing.com,Male,53.16.119.7
597,Enrica,Ivashnikov,eivashnikovgk@aboutads.info,Female,180.140.133.141
598,Beryl,Buard,bbuardgl@pinterest.com,Female,195.209.133.52
599,Thaxter,Chamberlayne,tchamberlaynegm@addthis.com,Male,213.192.141.24
600,Elwin,Temporal,etemporalgn@sina.com.cn,Male,183.8.6.181
601,Gail,Cargon,gcargongo@dailymail.co.uk,Female,250.236.9.177
602,Madelon,Abrahamsohn,mabrahamsohngp@yolasite.com,Female,101.213.156.123
603,Felicity,Eadon,feadongq@craigslist.org,Female,221.245.151.144
604,Winona,Dummer,wdummergr@google.de,Female,49.229.90.156
605,Dannie,Lonie,dloniegs@va.gov,Male,114.154.179.247
606,Giffard,Sixsmith,gsixsmithgt@mac.com,Male,84.47.222.70
607,Bidget,Henzer,bhenzergu@feedburner.com,Female,159.114.163.225
608,Web,Chancellor,wchancellorgv@delicious.com,Male,238.226.92.227
609,Ky,Dayborne,kdaybornegw@uol.com.br,Male,20.219.80.213
610,Carlita,Kinghorn,ckinghorngx@miitbeian.gov.cn,Female,210.98.57.160
611,Stavro,Belliard,sbelliardgy@google.ca,Male,79.61.159.18
612,Marigold,Carless,mcarlessgz@pbs.org,Female,70.129.244.52
613,Kathlin,Scudders,kscuddersh0@e-recht24.de,Female,27.233.137.113
614,Ardelia,Chesman,achesmanh1@intel.com,Female,193.211.122.39
615,Rollins,Tomasi,rtomasih2@discovery.com,Male,178.98.251.1
616,Ardelia,Murkus,amurkush3@umn.edu,Female,203.176.139.13
617,Leicester,Woolland,lwoollandh4@g.co,Male,38.23.32.54
618,Alexandro,Benting,abentingh5@nasa.gov,Male,22.159.182.102
619,Worth,Alker,walkerh6@barnesandnoble.com,Male,248.45.237.242
620,Hakeem,Moloney,hmoloneyh7@goo.ne.jp,Male,72.12.124.243
621,Agata,Tidman,atidmanh8@washingtonpost.com,Female,131.197.111.218
622,Maudie,Schimke,mschimkeh9@cnbc.com,Female,195.82.192.157
623,Dulcie,Duckitt,dduckittha@amazonaws.com,Female,96.76.252.78
624,Dacia,McCadden,dmccaddenhb@dmoz.org,Female,26.100.29.8
625,Eben,Dun,edunhc@disqus.com,Male,209.201.200.185
626,Reilly,Brachell,rbrachellhd@slideshare.net,Male,71.251.129.230
627,Daren,Sillars,dsillarshe@admin.ch,Male,189.116.24.200
628,Catriona,Ipgrave,cipgravehf@comsenz.com,Female,161.92.6.151
629,Audrey,McKissack,amckissackhg@wisc.edu,Female,75.127.141.113
630,Cesaro,Pattenden,cpattendenhh@army.mil,Male,70.15.232.30
631,Mark,Akister,makisterhi@hud.gov,Male,20.125.111.124
632,Craggy,Beazley,cbeazleyhj@mozilla.org,Male,180.195.115.191
633,Durand,Lorinez,dlorinezhk@businessinsider.com,Male,76.111.107.190
634,Morley,Finding,mfindinghl@time.com,Male,118.26.41.120
635,Petronella,Edmand,pedmandhm@soup.io,Female,69.150.237.97
636,Coleman,Dallimare,cdallimarehn@zdnet.com,Male,44.71.204.21
637,Mortimer,Donne,mdonneho@myspace.com,Male,230.130.117.194
638,Tabbitha,Padilla,tpadillahp@unblog.fr,Female,238.193.72.114
639,Stafford,Colliss,scollisshq@wisc.edu,Male,211.252.109.15
640,Misha,Ewers,mewershr@webeden.co.uk,Female,27.139.41.22
641,Berny,Povele,bpovelehs@sogou.com,Male,75.254.127.152
642,Karen,Briers,kbriersht@blinklist.com,Female,62.253.122.140
643,Lucia,Ellis,lellishu@umn.edu,Female,140.245.164.119
644,Stevy,Bowstead,sbowsteadhv@angelfire.com,Male,0.71.77.17
645,Anestassia,Rogeon,arogeonhw@blog.com,Female,171.230.57.24
646,Nora,Brookes,nbrookeshx@mayoclinic.com,Female,113.58.63.195
647,Ethel,Brandel,ebrandelhy@google.com.au,Female,109.140.247.42
648,Stefania,Emloch,semlochhz@tinypic.com,Female,8.46.26.252
649,Natasha,Scolts,nscoltsi0@xrea.com,Female,128.239.102.102
650,Olvan,Stretton,ostrettoni1@army.mil,Male,158.244.248.91
651,Karlee,Kiffin,kkiffini2@cyberchimps.com,Female,8.44.118.53
652,Meredithe,Benjamin,mbenjamini3@msu.edu,Female,209.181.177.131
653,Danyette,Marginson,dmarginsoni4@icio.us,Female,108.245.117.105
654,Willis,De Morena,wdemorenai5@ca.gov,Male,116.25.248.162
655,Horatius,Fort,hforti6@businessinsider.com,Male,220.41.88.47
656,Genna,Fraczek,gfraczeki7@technorati.com,Female,38.254.234.151
657,Bogey,Crehan,bcrehani8@berkeley.edu,Male,172.154.21.24
658,Bryant,Threadgould,bthreadgouldi9@chron.com,Male,61.28.240.2
659,Gayler,Gulston,ggulstonia@wix.com,Male,189.218.194.36
660,Cloris,Rentcome,crentcomeib@cyberchimps.com,Female,178.169.30.107
661,Laney,Breagan,lbreaganic@cnet.com,Male,247.173.192.208
662,Lottie,Twigger,ltwiggerid@jugem.jp,Female,59.7.185.93
663,Klara,Danels,kdanelsie@biglobe.ne.jp,Female,222.57.128.247
664,Boonie,Faltin,bfaltinif@nps.gov,Male,132.177.48.0
665,Ragnar,Gramer,rgramerig@opera.com,Male,51.100.170.48
666,Elden,Targe,etargeih@youtu.be,Male,115.159.1.67
667,Harmonie,Thying,hthyingii@blogger.com,Female,171.187.41.42
668,Annetta,Spaight,aspaightij@hugedomains.com,Female,232.49.119.102
669,Karole,Bordis,kbordisik@purevolume.com,Female,160.182.213.240
670,Baryram,Yglesia,byglesiail@fda.gov,Male,239.227.17.221
671,Evelyn,Slide,eslideim@networksolutions.com,Female,16.164.102.30
672,Shepard,Ascrofte,sascroftein@cargocollective.com,Male,45.188.196.123
673,Fedora,Skelton,fskeltonio@phpbb.com,Female,83.168.50.122
674,Aldous,Sorrel,asorrelip@blogspot.com,Male,202.4.209.250
675,Drud,Vallery,dvalleryiq@engadget.com,Male,43.92.174.200
676,Dennet,Ebenezer,debenezerir@twitpic.com,Male,252.204.70.190
677,Courtnay,Talboy,ctalboyis@ovh.net,Male,105.170.211.250
678,Tobie,Pund,tpundit@dedecms.com,Male,11.76.44.201
679,Joni,McKune,jmckuneiu@infoseek.co.jp,Female,74.84.48.133
680,Ludvig,Jzak,ljzakiv@walmart.com,Male,117.132.96.14
681,Oneida,Rawle,orawleiw@indiegogo.com,Female,21.92.143.202
682,Pearline,Jeyes,pjeyesix@springer.com,Female,73.125.223.136
683,Rachelle,Bollin,rbolliniy@washingtonpost.com,Female,37.54.254.123
684,Penny,Reyson,preysoniz@1688.com,Female,27.129.42.206
685,Eydie,Presdee,epresdeej0@topsy.com,Female,141.75.46.158
686,Orlando,Mac,omacj1@soup.io,Male,45.26.117.200
687,Sydelle,Roubottom,sroubottomj2@netlog.com,Female,60.16.89.64
688,Ferdie,Hullyer,fhullyerj3@deviantart.com,Male,132.75.224.102
689,Willow,Tulk,wtulkj4@google.es,Female,38.86.191.235
690,Krispin,Hospital,khospitalj5@webmd.com,Male,202.224.153.196
691,Malcolm,Youhill,myouhillj6@youtu.be,Male,35.117.74.30
692,Alastair,Speedin,aspeedinj7@ftc.gov,Male,201.34.55.86
693,Astrid,Phlippsen,aphlippsenj8@wordpress.com,Female,201.84.199.215
694,Camille,MacSkeaghan,cmacskeaghanj9@list-manage.com,Female,248.144.202.98
695,Cord,Merritt,cmerrittja@blogs.com,Male,158.205.152.183
696,Broddie,Grout,bgroutjb@umn.edu,Male,86.170.21.211
697,Baudoin,Troppmann,btroppmannjc@go.com,Male,223.123.249.96
698,Yorker,Drewe,ydrewejd@alibaba.com,Male,127.7.41.135
699,Sutherland,Budibent,sbudibentje@imgur.com,Male,169.63.223.10
700,Obed,Larkby,olarkbyjf@archive.org,Male,117.32.249.225
701,Heloise,Saffin,hsaffinjg@businesswire.com,Female,141.237.170.104
702,Nadean,Pering,nperingjh@tinyurl.com,Female,118.42.206.10
703,Madelon,Leverage,mleverageji@youtu.be,Female,1.106.33.129
704,Tracie,Bulteel,tbulteeljj@slate.com,Male,60.166.198.54
705,Gerrard,Remon,gremonjk@forbes.com,Male,205.155.255.192
706,Anitra,Hayller,ahayllerjl@deliciousdays.com,Female,133.97.219.237
707,Rafaela,Dunphie,rdunphiejm@de.vu,Female,147.108.106.38
708,Coretta,Goshawke,cgoshawkejn@discuz.net,Female,74.132.246.150
709,Alexis,Beckerleg,abeckerlegjo@storify.com,Female,43.36.58.116
710,Derwin,Pollastro,dpollastrojp@patch.com,Male,163.70.127.236
711,Georgiana,Hiscocks,ghiscocksjq@joomla.org,Female,188.180.149.8
712,Viviene,Catherall,vcatheralljr@simplemachines.org,Female,14.59.196.47
713,Samson,Camin,scaminjs@purevolume.com,Male,235.114.65.236
714,Melessa,Harnott,mharnottjt@forbes.com,Female,95.197.155.237
715,Skipton,McGorley,smcgorleyju@digg.com,Male,223.31.181.189
716,Nikolaos,Purselowe,npurselowejv@cam.ac.uk,Male,89.160.234.118
717,Arri,Gabriel,agabrieljw@bbb.org,Male,104.222.218.50
718,Goldy,Cockman,gcockmanjx@gizmodo.com,Female,184.9.111.179
719,Evita,Label,elabeljy@moonfruit.com,Female,179.45.121.177
720,Vassili,Stamper,vstamperjz@jigsy.com,Male,24.230.227.224
721,Amaleta,Grindley,agrindleyk0@ezinearticles.com,Female,231.176.91.231
722,Alvera,Clinnick,aclinnickk1@wordpress.com,Female,203.252.238.1
723,Dina,Cosson,dcossonk2@1688.com,Female,50.79.34.115
724,Tailor,Keys,tkeysk3@state.gov,Male,158.216.120.200
725,Haskel,MacAless,hmacalessk4@bloglovin.com,Male,245.141.157.10
726,Kerrill,Gierhard,kgierhardk5@yellowpages.com,Female,253.43.9.84
727,Abram,Kingscote,akingscotek6@bandcamp.com,Male,71.7.6.3
728,Cooper,Pawfoot,cpawfootk7@java.com,Male,58.75.55.246
729,Cointon,Culter,cculterk8@yahoo.com,Male,226.230.80.24
730,Lorne,Bifield,lbifieldk9@reddit.com,Female,110.183.236.75
731,Kale,Chung,kchungka@printfriendly.com,Male,244.239.80.228
732,Irina,MacConnal,imacconnalkb@washingtonpost.com,Female,250.102.74.10
733,Silvain,Pankettman,spankettmankc@washingtonpost.com,Male,0.71.177.239
734,Alli,Stockman,astockmankd@tamu.edu,Female,2.226.19.172
735,Kahaleel,Mityashev,kmityashevke@irs.gov,Male,245.82.139.221
736,Edmon,Hatliffe,ehatliffekf@yahoo.co.jp,Male,28.39.119.73
737,Basia,Clemits,bclemitskg@pcworld.com,Female,252.99.114.127
738,Moira,Georg,mgeorgkh@hao123.com,Female,18.93.65.176
739,Ilsa,Dumini,iduminiki@elpais.com,Female,146.156.108.7
740,Ron,Oke,rokekj@youku.com,Male,6.131.224.139
741,Giffer,Hanlon,ghanlonkk@youku.com,Male,127.68.0.127
742,Henka,Bampford,hbampfordkl@zimbio.com,Female,0.37.191.78
743,Ollie,Jancar,ojancarkm@amazonaws.com,Female,163.170.82.145
744,Tod,Thrush,tthrushkn@wunderground.com,Male,15.255.22.110
745,Derick,Rice,driceko@istockphoto.com,Male,169.204.215.69
746,Emlyn,Topling,etoplingkp@hostgator.com,Female,80.192.95.50
747,Alvinia,Soda,asodakq@livejournal.com,Female,219.165.32.174
748,Bertrand,Bewfield,bbewfieldkr@w3.org,Male,239.83.240.253
749,Gerda,Wilcot,gwilcotks@fotki.com,Female,248.137.227.224
750,Thekla,Suddick,tsuddickkt@artisteer.com,Female,63.154.18.177
751,Kerrill,Andresser,kandresserku@vimeo.com,Female,244.67.161.173
752,Reginald,Witter,rwitterkv@yellowbook.com,Male,160.106.71.50
753,Alessandra,Iacobo,aiacobokw@samsung.com,Female,34.102.208.152
754,Adelaida,McGhie,amcghiekx@homestead.com,Female,100.140.37.189
755,Tuck,Gorrissen,tgorrissenky@hubpages.com,Male,222.127.152.235
756,Dory,Terbrugge,dterbruggekz@archive.org,Male,78.181.126.45
757,Cyb,Hucknall,chucknalll0@e-recht24.de,Female,149.69.230.67
758,Major,Kroin,mkroinl1@state.tx.us,Male,206.14.123.188
759,Tammie,MacCoughen,tmaccoughenl2@blinklist.com,Female,41.142.235.186
760,Greggory,Clear,gclearl3@artisteer.com,Male,109.147.25.163
761,Chloe,Varndall,cvarndalll4@yellowbook.com,Female,241.16.59.57
762,Remy,Gogan,rgoganl5@bravesites.com,Female,116.244.158.235
763,Franchot,Adcock,fadcockl6@list-manage.com,Male,57.103.53.229
764,Ody,Jeanel,ojeanell7@blog.com,Male,189.127.181.247
765,Sebastien,Fearfull,sfearfulll8@desdev.cn,Male,97.52.204.250
766,Galvin,Stebbins,gstebbinsl9@blog.com,Male,148.206.144.51
767,Foss,Tolerton,ftolertonla@archive.org,Male,254.64.53.166
768,Carter,Guilayn,cguilaynlb@360.cn,Male,174.87.248.11
769,Sharyl,Redmayne,sredmaynelc@cisco.com,Female,217.112.191.148
770,Hoyt,Scantlebury,hscantleburyld@noaa.gov,Male,132.119.204.209
771,Rutter,Drissell,rdrissellle@paginegialle.it,Male,30.110.3.65
772,Des,Jerke,djerkelf@abc.net.au,Male,136.139.49.240
773,Cathy,Sandiland,csandilandlg@rakuten.co.jp,Female,207.214.176.86
774,Martynne,Mayberry,mmayberrylh@nifty.com,Female,73.114.120.133
775,Brose,Guion,bguionli@gravatar.com,Male,22.219.51.58
776,Blancha,Knoles,bknoleslj@github.com,Female,3.205.110.92
777,Wright,Alldridge,walldridgelk@china.com.cn,Male,214.107.208.47
778,Griffin,Zarfati,gzarfatill@wikimedia.org,Male,12.153.155.197
779,Ansley,Gozney,agozneylm@gov.uk,Female,14.12.8.26
780,Jeffie,Wookey,jwookeyln@biblegateway.com,Male,249.219.190.234
781,Aloin,Ledram,aledramlo@trellian.com,Male,251.123.230.186
782,Melosa,Drinkhill,mdrinkhilllp@networksolutions.com,Female,100.141.193.105
783,Kara,Palliser,kpalliserlq@surveymonkey.com,Female,40.2.186.151
784,Fonzie,Gallandre,fgallandrelr@exblog.jp,Male,189.183.88.62
785,Courtenay,Bendley,cbendleyls@yandex.ru,Female,116.186.147.251
786,Addi,Olliar,aolliarlt@cisco.com,Female,145.109.200.99
787,Elbert,Ceney,eceneylu@comcast.net,Male,70.125.51.59
788,Saw,Jillis,sjillislv@hc360.com,Male,31.11.119.125
789,Bessie,Laborde,blabordelw@berkeley.edu,Female,140.196.126.85
790,Erasmus,Worcester,eworcesterlx@dyndns.org,Male,134.57.19.240
791,Krishna,Floweth,kflowethly@psu.edu,Male,151.185.169.188
792,Aldous,Ebourne,aebournelz@unicef.org,Male,0.2.35.128
793,Tedda,Izen,tizenm0@ifeng.com,Female,251.22.248.70
794,Blanche,Condell,bcondellm1@homestead.com,Female,126.199.145.229
795,Vikki,Jaegar,vjaegarm2@parallels.com,Female,18.16.212.96
796,Angelina,Bennellick,abennellickm3@ycombinator.com,Female,233.54.77.225
797,Chicky,Airth,cairthm4@oaic.gov.au,Female,131.62.96.101
798,Masha,Pirozzi,mpirozzim5@time.com,Female,17.107.93.98
799,Torrin,Stirling,tstirlingm6@delicious.com,Male,125.38.69.98
800,Shanan,Authers,sauthersm7@dagondesign.com,Male,244.155.109.214
801,Boycey,Reeve,breevem8@newsvine.com,Male,135.188.150.173
802,Gregorio,Dickson,gdicksonm9@mlb.com,Male,145.2.58.55
803,Maure,Berthouloume,mberthouloumema@delicious.com,Female,64.129.104.155
804,Sanderson,Chuck,schuckmb@bbc.co.uk,Male,168.173.165.45
805,James,Levick,jlevickmc@t.co,Male,171.50.221.61
806,Laurie,D'Aubney,ldaubneymd@bluehost.com,Male,219.190.55.187
807,Tomkin,Dicey,tdiceyme@nih.gov,Male,223.160.17.210
808,Bonita,Di Meo,bdimeomf@delicious.com,Female,149.248.234.76
809,Stephan,Lowman,slowmanmg@google.com.br,Male,131.168.63.249
810,Oralia,Mullord,omullordmh@amazon.co.uk,Female,180.213.110.27
811,Sibylle,Chetwynd,schetwyndmi@usatoday.com,Female,222.90.61.65
812,Berny,Cushworth,bcushworthmj@weibo.com,Female,253.243.236.9
813,Larry,Geaveny,lgeavenymk@vimeo.com,Male,193.184.114.153
814,Carce,Paprotny,cpaprotnyml@barnesandnoble.com,Male,190.81.177.172
815,Kristyn,Rickell,krickellmm@wunderground.com,Female,170.246.134.14
816,Mahmud,Maharry,mmaharrymn@slideshare.net,Male,117.158.209.135
817,Isaiah,Epp,ieppmo@nsw.gov.au,Male,44.145.220.123
818,Karleen,Cogley,kcogleymp@barnesandnoble.com,Female,88.158.34.187
819,Eugene,Busswell,ebusswellmq@sakura.ne.jp,Male,46.236.199.165
820,Forester,Doull,fdoullmr@ed.gov,Male,50.180.90.193
821,Juline,Greatbach,jgreatbachms@ustream.tv,Female,222.56.81.222
822,Harlene,Alu,halumt@tmall.com,Female,182.117.231.139
823,Free,Dallow,fdallowmu@wikimedia.org,Male,168.4.101.162
824,Charmine,Luney,cluneymv@europa.eu,Female,72.90.140.68
825,Corette,Stansell,cstansellmw@mashable.com,Female,89.214.69.142
826,Fawnia,Bjorkan,fbjorkanmx@sun.com,Female,66.221.150.102
827,Rosa,Doers,rdoersmy@pagesperso-orange.fr,Female,21.19.187.177
828,Willow,Pahlsson,wpahlssonmz@cnn.com,Female,186.22.225.38
829,Maybelle,Fennick,mfennickn0@squidoo.com,Female,157.221.168.191
830,Lily,Dunne,ldunnen1@cdc.gov,Female,212.10.40.211
831,Darline,Worsall,dworsalln2@so-net.ne.jp,Female,44.154.117.50
832,Ashley,Rubinivitz,arubinivitzn3@amazon.co.jp,Male,144.150.32.27
833,Nikolos,Struther,nstruthern4@usatoday.com,Male,103.136.71.133
834,Raviv,D'Ambrogio,rdambrogion5@twitpic.com,Male,99.182.150.206
835,Gisella,Standish,gstandishn6@harvard.edu,Female,45.240.15.49
836,Milo,Stowgill,mstowgilln7@opera.com,Male,121.240.34.239
837,Rik,Ferrai,rferrain8@globo.com,Male,206.241.6.146
838,Jorge,Gethen,jgethenn9@nsw.gov.au,Male,138.136.62.4
839,Wendell,Theseira,wtheseirana@paginegialle.it,Male,236.183.225.239
840,Melania,Mundle,mmundlenb@amazon.de,Female,131.25.66.70
841,Idalina,Gotecliffe,igotecliffenc@cnet.com,Female,28.111.128.215
842,Aubrey,Hune,ahunend@cdbaby.com,Female,201.240.19.244
843,Tyson,Ivie,tiviene@hao123.com,Male,196.248.187.239
844,Bethina,Manwell,bmanwellnf@sbwire.com,Female,50.181.235.9
845,Jamal,Bartosiak,jbartosiakng@redcross.org,Male,209.213.141.145
846,Louisa,Calcraft,lcalcraftnh@google.nl,Female,225.182.250.210
847,Babb,Kynman,bkynmanni@chronoengine.com,Female,168.57.63.136
848,Jaime,McNevin,jmcnevinnj@naver.com,Female,63.65.101.80
849,Verena,Sedger,vsedgernk@google.it,Female,143.236.51.42
850,Alix,Bartod,abartodnl@wordpress.org,Female,39.34.36.108
851,Emylee,Bayly,ebaylynm@hubpages.com,Female,126.9.92.129
852,Audra,O'Doran,aodorannn@theatlantic.com,Female,99.229.101.92
853,Emlyn,Commings,ecommingsno@soundcloud.com,Male,61.114.111.24
854,Queenie,Dallicott,qdallicottnp@smugmug.com,Female,212.180.134.72
855,Jeffy,Linnock,jlinnocknq@tinyurl.com,Male,217.244.38.127
856,Derick,Marielle,dmariellenr@typepad.com,Male,216.90.164.113
857,Sherlock,Fonzone,sfonzonens@netvibes.com,Male,150.90.89.53
858,Morganne,Zohrer,mzohrernt@scientificamerican.com,Female,96.223.101.65
859,Jeremias,Mylan,jmylannu@newsvine.com,Male,45.31.2.243
860,Sandy,Breeze,sbreezenv@blogtalkradio.com,Female,193.90.178.187
861,Keefer,Such,ksuchnw@berkeley.edu,Male,21.78.27.136
862,Odilia,Wythe,owythenx@fc2.com,Female,188.68.206.66
863,Amalee,Yurocjhin,ayurocjhinny@intel.com,Female,105.129.28.29
864,Giuseppe,McCleary,gmcclearynz@spiegel.de,Male,159.46.234.183
865,Cherri,Gray,cgrayo0@businessweek.com,Female,79.121.178.207
866,Niel,Durrand,ndurrando1@examiner.com,Male,80.77.90.34
867,Rand,De Gregorio,rdegregorioo2@sakura.ne.jp,Male,160.214.76.52
868,Damian,Schooling,dschoolingo3@cam.ac.uk,Male,55.68.100.133
869,Melicent,Rosewall,mrosewallo4@accuweather.com,Female,196.135.162.137
870,Polly,Morsom,pmorsomo5@ezinearticles.com,Female,116.154.236.106
871,Lilias,Thor,lthoro6@g.co,Female,109.196.182.183
872,Brenden,Domican,bdomicano7@comsenz.com,Male,65.151.117.144
873,Brandie,Ebbin,bebbino8@pagesperso-orange.fr,Female,199.61.137.143
874,Malcolm,Bowich,mbowicho9@npr.org,Male,103.71.161.230
875,Town,Drinkall,tdrinkalloa@miibeian.gov.cn,Male,185.57.179.4
876,Sarita,Caroline,scarolineob@sciencedaily.com,Female,114.75.77.217
877,Cory,Tockell,ctockelloc@cafepress.com,Female,79.197.196.120
878,Claudetta,Fairn,cfairnod@last.fm,Female,223.254.140.78
879,Craig,Barkaway,cbarkawayoe@privacy.gov.au,Male,210.109.119.19
880,Yvonne,Cluett,ycluettof@mapquest.com,Female,68.142.229.134
881,Alethea,MacCarrick,amaccarrickog@reference.com,Female,145.16.65.93
882,Wandis,Stonman,wstonmanoh@trellian.com,Female,48.222.112.228
883,Priscilla,Heiss,pheissoi@amazon.co.uk,Female,211.255.119.254
884,Davita,Casol,dcasoloj@phoca.cz,Female,65.144.243.17
885,Elyse,Attock,eattockok@tumblr.com,Female,57.185.203.146
886,Lorelle,Simo,lsimool@tamu.edu,Female,78.72.50.140
887,Jillie,Marushak,jmarushakom@scribd.com,Female,34.41.99.100
888,Budd,Waiting,bwaitingon@nymag.com,Male,4.11.138.26
889,Dilly,Beauly,dbeaulyoo@narod.ru,Male,97.130.62.177
890,Aloin,Bywaters,abywatersop@livejournal.com,Male,24.116.88.90
891,Annabela,Halsho,ahalshooq@ox.ac.uk,Female,35.127.128.244
892,Nesta,Forder,nforderor@ameblo.jp,Female,167.76.60.202
893,Maureen,Beardshall,mbeardshallos@macromedia.com,Female,1.20.159.67
894,Neron,Blazeby,nblazebyot@typepad.com,Male,159.120.56.167
895,Johanna,Rosser,jrosserou@eepurl.com,Female,170.161.166.142
896,Tuck,Pinsent,tpinsentov@weebly.com,Male,94.124.253.129
897,Hamlen,Fidgeon,hfidgeonow@drupal.org,Male,203.3.192.160
898,Codi,Eyree,ceyreeox@tuttocitta.it,Female,84.34.220.52
899,Cary,Brusin,cbrusinoy@va.gov,Male,68.59.194.136
900,Herbert,Faulconer,hfaulconeroz@dmoz.org,Male,5.118.204.139
901,West,Petroff,wpetroffp0@angelfire.com,Male,160.78.162.237
902,Spike,Wiper,swiperp1@mayoclinic.com,Male,39.126.194.124
903,Teresa,Oldknow,toldknowp2@parallels.com,Female,189.79.102.144
904,Amelie,Lemmer,alemmerp3@youku.com,Female,88.195.9.226
905,Michel,Janousek,mjanousekp4@etsy.com,Male,72.139.190.176
906,Karoline,Osburn,kosburnp5@amazon.co.jp,Female,181.126.135.210
907,Georgeanna,Schumacher,gschumacherp6@omniture.com,Female,35.199.24.10
908,Annora,Raisbeck,araisbeckp7@ustream.tv,Female,84.25.35.250
909,Chicky,Gianettini,cgianettinip8@istockphoto.com,Male,167.18.111.42
910,Vivyanne,Gladden,vgladdenp9@linkedin.com,Female,6.57.92.16
911,Sarge,Collington,scollingtonpa@soup.io,Male,235.245.66.132
912,Jamal,Ham,jhampb@google.com.hk,Male,38.248.113.172
913,Halie,Heis,hheispc@slideshare.net,Female,74.245.163.70
914,Dyanna,Janoch,djanochpd@usgs.gov,Female,57.70.186.23
915,Maynord,Houchen,mhouchenpe@techcrunch.com,Male,228.103.37.57
916,Jarred,Joselin,jjoselinpf@typepad.com,Male,120.81.159.31
917,Hasheem,Hutchins,hhutchinspg@seattletimes.com,Male,99.237.38.109
918,Davin,Tett,dtettph@kickstarter.com,Male,81.82.61.17
919,Cloe,Chatfield,cchatfieldpi@home.pl,Female,11.60.61.153
920,Olvan,McWhirter,omcwhirterpj@accuweather.com,Male,238.196.53.144
921,Boycie,Fasey,bfaseypk@angelfire.com,Male,202.238.209.157
922,Chauncey,Guisby,cguisbypl@trellian.com,Male,38.171.120.190
923,Simon,Chaikovski,schaikovskipm@pagesperso-orange.fr,Male,2.144.179.105
924,Caren,Safe,csafepn@hugedomains.com,Female,7.212.7.190
925,Lebbie,Goulstone,lgoulstonepo@cam.ac.uk,Female,144.230.81.29
926,Saidee,Canto,scantopp@va.gov,Female,35.95.87.133
927,Sapphira,Nias,sniaspq@umn.edu,Female,31.144.181.215
928,Levey,O'Dreain,lodreainpr@nytimes.com,Male,67.87.143.141
929,Rem,Hardington,rhardingtonps@ed.gov,Male,40.89.217.85
930,Maurice,Siene,msienept@hexun.com,Male,78.73.51.234
931,Manfred,Jirek,mjirekpu@twitpic.com,Male,160.27.205.13
932,Tory,Margetts,tmargettspv@hud.gov,Female,218.235.115.211
933,Elsie,Dracksford,edracksfordpw@canalblog.com,Female,39.214.188.80
934,Eadmund,Hobbert,ehobbertpx@umn.edu,Male,127.6.205.24
935,Sybilla,Halgarth,shalgarthpy@ihg.com,Female,121.0.104.188
936,Giralda,Ellaway,gellawaypz@oracle.com,Female,208.186.216.251
937,Brnaba,Childe,bchildeq0@studiopress.com,Male,10.49.229.205
938,Patric,Readwin,preadwinq1@github.com,Male,225.58.12.52
939,Neddy,Schimaschke,nschimaschkeq2@prweb.com,Male,64.99.6.146
940,Katina,Doers,kdoersq3@google.fr,Female,158.34.214.62
941,Cosetta,Willes,cwillesq4@smh.com.au,Female,213.194.88.83
942,Dari,Dumper,ddumperq5@phpbb.com,Female,57.235.104.37
943,Guido,Vasyutin,gvasyutinq6@skyrock.com,Male,142.10.133.2
944,Alva,Leidl,aleidlq7@g.co,Male,131.157.30.159
945,Merrill,Hearty,mheartyq8@booking.com,Female,108.76.44.10
946,Veronica,Bartalini,vbartaliniq9@disqus.com,Female,180.153.255.130
947,Gherardo,Lounds,gloundsqa@slashdot.org,Male,17.90.117.150
948,Cammy,Staynes,cstaynesqb@thetimes.co.uk,Male,214.144.252.161
949,Lulita,Moynihan,lmoynihanqc@census.gov,Female,38.21.220.112
950,Gertie,Norwich,gnorwichqd@hibu.com,Female,105.239.130.134
951,Lisle,Woolliams,lwoolliamsqe@mapy.cz,Male,25.14.199.137
952,Joceline,Edlestone,jedlestoneqf@vimeo.com,Female,62.139.127.185
953,Knox,McQuie,kmcquieqg@theatlantic.com,Male,163.87.107.182
954,Marcus,Aslott,maslottqh@scribd.com,Male,141.215.238.136
955,Wilmer,Sunock,wsunockqi@ebay.com,Male,167.132.46.189
956,Jdavie,Hariot,jhariotqj@quantcast.com,Male,83.69.5.240
957,Rivkah,Genty,rgentyqk@vkontakte.ru,Female,181.128.115.67
958,Nicholle,Streat,nstreatql@ezinearticles.com,Female,207.160.36.167
959,Beale,Jenkin,bjenkinqm@upenn.edu,Male,67.53.227.251
960,Georges,Monelli,gmonelliqn@diigo.com,Male,221.161.68.104
961,Marven,Vela,mvelaqo@house.gov,Male,197.54.227.185
962,Minerva,Tremathick,mtremathickqp@posterous.com,Female,21.120.96.66
963,Shea,Paulson,spaulsonqq@live.com,Male,132.131.148.181
964,Raffaello,Dugdale,rdugdaleqr@tuttocitta.it,Male,26.188.140.240
965,Hyacinth,Screwton,hscrewtonqs@sun.com,Female,185.159.226.41
966,Crista,Geratasch,cgerataschqt@mail.ru,Female,78.50.10.184
967,Gaylene,Cocker,gcockerqu@amazon.co.uk,Female,148.172.113.7
968,Jannelle,Acock,jacockqv@yandex.ru,Female,207.138.83.221
969,Gustie,O' Hanvey,gohanveyqw@goo.gl,Female,131.191.198.123
970,Padraig,Burberow,pburberowqx@photobucket.com,Male,234.193.45.45
971,Hewett,Mathwin,hmathwinqy@princeton.edu,Male,223.162.105.44
972,Raoul,Doche,rdocheqz@wisc.edu,Male,192.238.87.68
973,Chick,McGovern,cmcgovernr0@cpanel.net,Male,210.183.220.53
974,Daile,Romanet,dromanetr1@trellian.com,Female,196.156.55.170
975,Raoul,Garstang,rgarstangr2@springer.com,Male,70.74.30.222
976,Kris,Willshaw,kwillshawr3@tripod.com,Female,197.47.122.5
977,Shalom,Espinos,sespinosr4@1688.com,Male,254.110.134.248
978,Ingrim,Quadling,iquadlingr5@nifty.com,Male,248.237.91.189
979,Leandra,Glowacha,lglowachar6@wikimedia.org,Female,176.178.99.85
980,Karol,Spencelayh,kspencelayhr7@wunderground.com,Female,98.237.250.99
981,Kessia,Durbin,kdurbinr8@webnode.com,Female,41.153.49.77
982,Sibilla,Baribal,sbaribalr9@joomla.org,Female,38.255.32.149
983,Iseabal,Martinon,imartinonra@last.fm,Female,193.6.234.82
984,Katalin,Toke,ktokerb@state.tx.us,Female,17.196.25.80
985,Ulla,Peppard,upeppardrc@de.vu,Female,202.132.107.230
986,April,Paolillo,apaolillord@is.gd,Female,81.99.123.174
987,Rubie,Murricanes,rmurricanesre@odnoklassniki.ru,Female,81.191.208.97
988,Osmund,Balma,obalmarf@issuu.com,Male,248.197.34.236
989,Dido,Tavener,dtavenerrg@aboutads.info,Female,157.141.119.155
990,Alair,Wardhaw,awardhawrh@thetimes.co.uk,Male,88.46.144.97
991,Curran,Tofanini,ctofaniniri@bigcartel.com,Male,92.16.52.76
992,Amanda,Gohier,agohierrj@wix.com,Female,195.121.144.203
993,Hoyt,McGilmartin,hmcgilmartinrk@twitpic.com,Male,156.42.180.43
994,Jayme,Brislawn,jbrislawnrl@springer.com,Male,228.85.198.164
995,Gib,Formoy,gformoyrm@plala.or.jp,Male,7.142.104.181
996,Avril,Logue,aloguern@icq.com,Female,186.151.41.76
997,Lucilia,Levay,llevayro@123-reg.co.uk,Female,248.56.76.48
998,Erin,Dickinson,edickinsonrp@wordpress.com,Female,237.79.100.97
999,Monique,Crosland,mcroslandrq@chronoengine.com,Female,85.247.197.162
1000,Ingaborg,Cumes,icumesrr@cafepress.com,Female,240.234.216.78
